{"./artifacts/lead_model_xgboost.json": {"0.0": {"precision": 0.8236994219653179, "recall": 0.8590806330067822, "f1-score": 0.8410180745112504, "support": 1327.0}, "1.0": {"precision": 0.8318345323741008, "recall": 0.7912745936698032, "f1-score": 0.8110477860587462, "support": 1169.0}, "accuracy": 0.827323717948718, "macro avg": {"precision": 0.8277669771697094, "recall": 0.8251776133382926, "f1-score": 0.8260329302849982, "support": 2496.0}, "weighted avg": {"precision": 0.8275094957104571, "recall": 0.827323717948718, "f1-score": 0.8269815091262434, "support": 2496.0}}, "./artifacts/lead_model_lr.pkl": {"0.0": {"precision": 0.7573529411764706, "recall": 0.8765957446808511, "f1-score": 0.8126232741617357, "support": 235.0}, "1.0": {"precision": 0.8284023668639053, "recall": 0.6796116504854369, "f1-score": 0.7466666666666667, "support": 206.0}, "accuracy": 0.7845804988662132, "macro avg": {"precision": 0.792877654020188, "recall": 0.778103697583144, "f1-score": 0.7796449704142012, "support": 441.0}, "weighted avg": {"precision": 0.7905415617923699, "recall": 0.7845804988662132, "f1-score": 0.7818136117037215, "support": 441.0}}}