{"./artifacts/lead_model_xgboost.json": {"0.0": {"precision": 0.8194945848375451, "recall": 0.8553127354935945, "f1-score": 0.8370206489675516, "support": 1327.0}, "1.0": {"precision": 0.8271827182718272, "recall": 0.786142001710864, "f1-score": 0.8061403508771929, "support": 1169.0}, "accuracy": 0.8229166666666666, "macro avg": {"precision": 0.8233386515546861, "recall": 0.8207273686022293, "f1-score": 0.8215804999223723, "support": 2496.0}, "weighted avg": {"precision": 0.8230953172032005, "recall": 0.8229166666666666, "f1-score": 0.8225578811519949, "support": 2496.0}}, "./artifacts/lead_model_lr.pkl": {"0.0": {"precision": 0.7573529411764706, "recall": 0.8765957446808511, "f1-score": 0.8126232741617357, "support": 235.0}, "1.0": {"precision": 0.8284023668639053, "recall": 0.6796116504854369, "f1-score": 0.7466666666666667, "support": 206.0}, "accuracy": 0.7845804988662132, "macro avg": {"precision": 0.792877654020188, "recall": 0.778103697583144, "f1-score": 0.7796449704142012, "support": 441.0}, "weighted avg": {"precision": 0.7905415617923699, "recall": 0.7845804988662132, "f1-score": 0.7818136117037215, "support": 441.0}}}